workers,trial,achieved_rps,mean_ms,p50_ms,p95_ms,p99_ms,contended,ort_intra_op,pin_cores,embed_mode,rate,duration,loadgen_cpu_pct,redis_cpu_pct,allow_spinning,label,core_list
8,1,1403,4205.0,4273,4729,6176,0,0,0,real,50000,60,9,4.1,default,1:intra0-taskset0,
8,2,1583,4245.8,4321,4583,6317,0,0,0,real,50000,60,10,4.2,default,1:intra0-taskset0,
8,3,1518,4230.3,4329,4656,6336,0,0,0,real,50000,60,9,4.2,default,1:intra0-taskset0,
8,4,1409,4212.1,4307,4594,6293,0,0,0,real,50000,60,9,4.1,default,1:intra0-taskset0,
8,5,1452,4252.2,4314,4721,6348,0,0,0,real,50000,60,10,4.2,default,1:intra0-taskset0,
14,1,1504,5511.4,5719,6053,7765,0,0,0,real,50000,60,8,4.0,default,1:intra0-taskset0,
14,2,1584,5560.5,5776,6085,7612,0,0,0,real,50000,60,8,4.0,default,1:intra0-taskset0,
14,3,1524,5519.3,5665,6071,7890,0,0,0,real,50000,60,8,3.9,default,1:intra0-taskset0,
14,4,1542,5537.9,5694,6057,8209,0,0,0,real,50000,60,8,3.9,default,1:intra0-taskset0,
14,5,1512,5462.5,5636,6039,7887,0,0,0,real,50000,60,8,4.0,default,1:intra0-taskset0,
8,1,1353,3931.2,3995,4196,6162,0,0,1,real,50000,60,9,4.2,default,2:intra0-taskset1,0;1;2;3;4;5;6;7
8,2,1372,3897.7,3948,4151,6168,0,0,1,real,50000,60,9,4.2,default,2:intra0-taskset1,0;1;2;3;4;5;6;7
8,3,1369,3967.8,4027,4301,6234,0,0,1,real,50000,60,9,4.2,default,2:intra0-taskset1,0;1;2;3;4;5;6;7
8,4,1395,3999.6,4044,4330,6257,0,0,1,real,50000,60,9,4.2,default,2:intra0-taskset1,0;1;2;3;4;5;6;7
8,5,1384,3946.8,4004,4201,6235,0,0,1,real,50000,60,9,4.2,default,2:intra0-taskset1,0;1;2;3;4;5;6;7
14,1,1383,4495.2,4617,5029,6743,0,0,1,real,50000,60,9,4.2,default,2:intra0-taskset1,0;1;2;3;4;5;6;7;8;9;10;11;12;13
14,2,1369,4494.6,4588,5060,6784,0,0,1,real,50000,60,9,4.2,default,2:intra0-taskset1,0;1;2;3;4;5;6;7;8;9;10;11;12;13
14,3,1343,4459.0,4583,4920,6557,0,0,1,real,50000,60,9,4.2,default,2:intra0-taskset1,0;1;2;3;4;5;6;7;8;9;10;11;12;13
14,4,1371,4625.9,4720,5168,6815,0,0,1,real,50000,60,9,4.1,default,2:intra0-taskset1,0;1;2;3;4;5;6;7;8;9;10;11;12;13
14,5,1360,4529.8,4661,4991,6700,0,0,1,real,50000,60,9,4.1,default,2:intra0-taskset1,0;1;2;3;4;5;6;7;8;9;10;11;12;13
8,1,14334,2375.1,2406,2503,3937,0,1,0,real,50000,60,14,7.5,default,3:intra1-taskset0,
8,2,14205,2371.0,2399,2462,3984,0,1,0,real,50000,60,14,7.4,default,3:intra1-taskset0,
8,3,14224,2372.0,2396,2467,4016,0,1,0,real,50000,60,14,7.3,default,3:intra1-taskset0,
8,4,14153,2370.4,2398,2467,3990,0,1,0,real,50000,60,14,7.3,default,3:intra1-taskset0,
8,5,14284,2373.7,2401,2463,3996,0,1,0,real,50000,60,14,7.3,default,3:intra1-taskset0,
14,1,21731,2622.4,2729,2888,3669,0,1,0,real,50000,60,25,14.8,default,3:intra1-taskset0,
14,2,21715,2638.6,2736,2926,3671,0,1,0,real,50000,60,25,14.8,default,3:intra1-taskset0,
14,3,21680,2631.0,2732,2932,3676,0,1,0,real,50000,60,25,14.8,default,3:intra1-taskset0,
14,4,21613,2613.9,2704,2888,3708,0,1,0,real,50000,60,24,14.6,default,3:intra1-taskset0,
14,5,21620,2661.9,2745,2995,3694,0,1,0,real,50000,60,25,14.7,default,3:intra1-taskset0,
8,1,13764,2370.0,2387,2448,4016,0,1,1,real,50000,60,14,7.0,default,4:intra1-taskset1,0;1;2;3;4;5;6;7
8,2,13908,2364.1,2382,2446,3977,0,1,1,real,50000,60,14,7.0,default,4:intra1-taskset1,0;1;2;3;4;5;6;7
8,3,13890,2366.7,2383,2457,4037,0,1,1,real,50000,60,14,6.9,default,4:intra1-taskset1,0;1;2;3;4;5;6;7
8,4,13905,2363.6,2380,2445,4001,0,1,1,real,50000,60,14,6.9,default,4:intra1-taskset1,0;1;2;3;4;5;6;7
8,5,13883,2368.2,2385,2449,3994,0,1,1,real,50000,60,14,6.8,default,4:intra1-taskset1,0;1;2;3;4;5;6;7
14,1,21943,2541.6,2617,2788,3639,0,1,1,real,50000,60,22,13.2,default,4:intra1-taskset1,0;1;2;3;4;5;6;7;8;9;10;11;12;13
14,2,21816,2553.3,2636,2762,3698,0,1,1,real,50000,60,22,13.1,default,4:intra1-taskset1,0;1;2;3;4;5;6;7;8;9;10;11;12;13
14,3,21693,2536.8,2613,2728,3642,0,1,1,real,50000,60,22,13.3,default,4:intra1-taskset1,0;1;2;3;4;5;6;7;8;9;10;11;12;13
14,4,21811,2542.4,2613,2759,3633,0,1,1,real,50000,60,22,13.3,default,4:intra1-taskset1,0;1;2;3;4;5;6;7;8;9;10;11;12;13
14,5,21669,2553.3,2636,2730,3636,0,1,1,real,50000,60,22,13.1,default,4:intra1-taskset1,0;1;2;3;4;5;6;7;8;9;10;11;12;13
