workers,trial,achieved_rps,mean_ms,p50_ms,p95_ms,p99_ms,contended,ort_intra_op,rate,duration,loadgen_cpu_pct,redis_cpu_pct
2,1,104825,17.2,16,32,46,0,1,200000,20,40,25.2
2,2,106809,18.4,16,34,82,0,1,200000,20,40,26.1
2,3,107301,18.2,16,34,78,0,1,200000,20,41,26.2
4,1,99172,18.4,14,34,103,0,1,200000,20,37,25.1
4,2,98482,17.3,14,35,70,0,1,200000,20,39,25.0
4,3,97096,16.9,14,33,48,0,1,200000,20,37,24.6
8,1,92984,17.7,14,34,53,0,1,200000,20,36,24.2
8,2,92091,17.7,14,35,62,0,1,200000,20,35,24.2
8,3,91364,18.3,15,37,64,0,1,200000,20,36,24.0
14,1,89362,20.2,18,37,53,0,1,200000,20,36,24.5
14,2,93354,19.5,18,37,53,0,1,200000,20,37,25.0
14,3,92638,19.4,18,37,54,0,1,200000,20,36,24.1
