workers,trial,achieved_rps,mean_ms,p50_ms,p95_ms,p99_ms,contended,ort_intra_op,pin_cores,embed_mode,rate,duration,loadgen_cpu_pct,redis_cpu_pct
1,1,4215,2624.4,2644,2686,4671,0,0,0,real,50000,60,14,5.3
1,2,4381,2666.5,2662,2715,4762,0,0,0,real,50000,60,14,5.6
1,3,3752,2642.5,2647,2705,4826,0,0,0,real,50000,60,14,5.4
1,4,4003,2624.6,2637,2687,4811,0,0,0,real,50000,60,14,5.5
1,5,4265,2646.3,2656,2981,4749,0,0,0,real,50000,60,14,5.6
2,1,1960,2758.8,2784,2925,4953,0,0,0,real,50000,60,13,4.8
2,2,1975,2756.1,2783,2890,5063,0,0,0,real,50000,60,13,4.8
2,3,1994,2777.8,2784,2879,4953,0,0,0,real,50000,60,13,4.8
2,4,1992,2741.0,2777,2851,4966,0,0,0,real,50000,60,13,4.9
2,5,1986,2735.9,2774,2853,4930,0,0,0,real,50000,60,13,4.8
4,1,1706,2979.7,3007,3118,5215,0,0,0,real,50000,60,12,4.8
4,2,1680,2998.4,2998,3130,5222,0,0,0,real,50000,60,12,4.8
4,3,1749,2955.6,2983,3103,5187,0,0,0,real,50000,60,12,4.9
4,4,1692,2964.5,2988,3111,5166,0,0,0,real,50000,60,12,4.8
4,5,1777,2964.2,2976,3083,5147,0,0,0,real,50000,60,12,4.9
6,1,1567,3273.1,3278,3460,5714,0,0,0,real,50000,60,12,4.6
6,2,1557,3153.2,3196,3327,5414,0,0,0,real,50000,60,11,4.7
6,3,1567,3188.8,3204,3406,5463,0,0,0,real,50000,60,11,4.7
6,4,1576,3156.5,3196,3325,5402,0,0,0,real,50000,60,11,4.8
6,5,1563,3176.0,3187,3400,5565,0,0,0,real,50000,60,11,4.8
8,1,1494,3326.9,3333,3644,5562,0,0,0,real,50000,60,12,4.8
8,2,1521,3327.8,3359,3613,5707,0,0,0,real,50000,60,11,4.7
8,3,1527,3329.9,3297,3796,5825,0,0,0,real,50000,60,11,4.8
8,4,1460,3375.8,3401,3776,5741,0,0,0,real,50000,60,11,4.7
8,5,1567,3317.5,3350,3573,5658,0,0,0,real,50000,60,12,4.8
10,1,1386,3539.7,3577,3804,5786,0,0,0,real,50000,60,11,4.7
10,2,1509,3544.3,3575,3794,5695,0,0,0,real,50000,60,11,4.8
10,3,1400,3575.7,3570,3993,5947,0,0,0,real,50000,60,11,4.7
10,4,1374,3496.2,3529,3898,5792,0,0,0,real,50000,60,11,4.8
10,5,1418,3521.3,3522,4022,5842,0,0,0,real,50000,60,11,4.7
12,1,1386,3874.8,3906,4338,6051,0,0,0,real,50000,60,10,4.5
12,2,1400,3940.0,4018,4330,5992,0,0,0,real,50000,60,10,4.3
12,3,1398,3790.1,3867,4200,6217,0,0,0,real,50000,60,10,4.5
12,4,1385,3704.9,3767,4078,5665,0,0,0,real,50000,60,11,4.7
12,5,1415,3759.6,3813,4146,6047,0,0,0,real,50000,60,10,4.7
14,1,1396,4034.7,4112,4503,5949,0,0,0,real,50000,60,10,4.5
14,2,1379,4135.5,4237,4622,6226,0,0,0,real,50000,60,10,4.4
14,3,1378,4197.4,4280,4729,6571,0,0,0,real,50000,60,9,4.3
14,4,1383,4101.7,4154,4880,6423,0,0,0,real,50000,60,10,4.4
14,5,1368,4170.8,4208,4783,6342,0,0,0,real,50000,60,10,4.4
